<?xml version="1.0"?>
<HAPSIM>
   <General>
      <Build>2005</Build>
      <Position>
         <top>210</top>
         <bottom>589</bottom>
         <left>643</left>
         <right>1037</right>
      </Position>
      <StayOnTop>1</StayOnTop>
      <Target>ATmega8515</Target>
   </General>
   <Views>
      <LCD>
         <Name>LCD1</Name>
         <Position>
            <top>0</top>
            <left>0</left>
         </Position>
         <DisplayConfig>
            <columns>16</columns>
            <rows>2</rows>
            <bkColor>0xc1fa9d</bkColor>
            <size>2</size>
         </DisplayConfig>
         <PortMapping>
            <DataPort>
               <Port></Port>
               <HighNibble>bit 4..7</HighNibble>
               <LowNibble>N.C.</LowNibble>
            </DataPort>
            <EnablePin>
               <Port></Port>
               <Bit>1</Bit>
            </EnablePin>
            <RW_Pin>
               <WriteOnly>0</WriteOnly>
               <Port></Port>
               <Bit>0</Bit>
            </RW_Pin>
            <RS_Pin>
               <Port></Port>
               <Bit>6</Bit>
            </RS_Pin>
         </PortMapping>
      </LCD>
      <Buttons>
         <Name>Buttons1</Name>
         <Position>
            <top>78</top>
            <left>31</left>
         </Position>
         <Config index="0">
            <Name>INT0</Name>
            <PortPin>
               <Port>PORTD</Port>
               <Bit>2</Bit>
            </PortPin>
            <Invert>0</Invert>
         </Config>
         <Config index="1">
            <Name>INT1</Name>
            <PortPin>
               <Port>PORTD</Port>
               <Bit>3</Bit>
            </PortPin>
            <Invert>0</Invert>
         </Config>
         <Config index="2">
            <Name>Button2</Name>
            <PortPin>
               <Port>PORTD</Port>
               <Bit>4</Bit>
            </PortPin>
            <Invert>0</Invert>
         </Config>
         <Config index="3">
            <Name>Button3</Name>
            <PortPin>
               <Port>PORTA</Port>
               <Bit>7</Bit>
            </PortPin>
            <Invert>0</Invert>
         </Config>
         <TrinaryGroupEnable index="0">0</TrinaryGroupEnable>
         <TrinaryGroupEnable index="1">0</TrinaryGroupEnable>
      </Buttons>
      <LEDs>
         <Name>LEDs1</Name>
         <Position>
            <top>2</top>
            <left>217</left>
         </Position>
         <Config index="0">
            <Color>Red</Color>
            <Name>Red1</Name>
            <PortPin>
               <Port>PORTB</Port>
               <Bit>0</Bit>
            </PortPin>
            <Invert>0</Invert>
         </Config>
         <Config index="1">
            <Color>Green</Color>
            <Name>Green1</Name>
            <PortPin>
               <Port>PORTB</Port>
               <Bit>1</Bit>
            </PortPin>
            <Invert>0</Invert>
         </Config>
         <Config index="2">
            <Color>Yellow</Color>
            <Name>Yellow1</Name>
            <PortPin>
               <Port>PORTB</Port>
               <Bit>2</Bit>
            </PortPin>
            <Invert>0</Invert>
         </Config>
         <Config index="3">
            <Color>Blue</Color>
            <Name>Blue1</Name>
            <PortPin>
               <Port>PORTB</Port>
               <Bit>3</Bit>
            </PortPin>
            <Invert>0</Invert>
         </Config>
         <Config index="4">
            <Color>Blue</Color>
            <Name>Blue2</Name>
            <PortPin>
               <Port>PORTB</Port>
               <Bit>4</Bit>
            </PortPin>
            <Invert>0</Invert>
         </Config>
         <Config index="5">
            <Color>Yellow</Color>
            <Name>Yellow2</Name>
            <PortPin>
               <Port>PORTB</Port>
               <Bit>5</Bit>
            </PortPin>
            <Invert>0</Invert>
         </Config>
         <Config index="6">
            <Color>Green</Color>
            <Name>Green2</Name>
            <PortPin>
               <Port>PORTB</Port>
               <Bit>6</Bit>
            </PortPin>
            <Invert>0</Invert>
         </Config>
         <Config index="7">
            <Color>Red</Color>
            <Name>Red2</Name>
            <PortPin>
               <Port>PORTB</Port>
               <Bit>7</Bit>
            </PortPin>
            <Invert>0</Invert>
         </Config>
      </LEDs>
   </Views>
</HAPSIM>
