<?xml version="1.0"?>
<HAPSIM>
   <General>
      <Build>2005</Build>
      <Position>
         <top>-8</top>
         <bottom>776</bottom>
         <left>-8</left>
         <right>1374</right>
      </Position>
      <StayOnTop>0</StayOnTop>
      <Target>ATmega8515</Target>
   </General>
   <Views>
      <Buttons>
         <Name>Buttons1</Name>
         <Position>
            <top>23</top>
            <left>186</left>
         </Position>
         <Config index="0">
            <Name>Button0</Name>
            <PortPin>
               <Port>PORTC</Port>
               <Bit>4</Bit>
            </PortPin>
            <Invert>0</Invert>
         </Config>
         <Config index="1">
            <Name>Button1</Name>
            <PortPin>
               <Port>PORTC</Port>
               <Bit>5</Bit>
            </PortPin>
            <Invert>0</Invert>
         </Config>
         <Config index="2">
            <Name>Button2</Name>
            <PortPin>
               <Port>PORTC</Port>
               <Bit>6</Bit>
            </PortPin>
            <Invert>0</Invert>
         </Config>
         <Config index="3">
            <Name>Button3</Name>
            <PortPin>
               <Port>PORTC</Port>
               <Bit>7</Bit>
            </PortPin>
            <Invert>0</Invert>
         </Config>
         <TrinaryGroupEnable index="0">0</TrinaryGroupEnable>
         <TrinaryGroupEnable index="1">0</TrinaryGroupEnable>
      </Buttons>
      <LEDs>
         <Name>LEDs1</Name>
         <Position>
            <top>26</top>
            <left>26</left>
         </Position>
         <Config index="0">
            <Color>Red</Color>
            <Name>Red1</Name>
            <PortPin>
               <Port>PORTC</Port>
               <Bit>0</Bit>
            </PortPin>
            <Invert>0</Invert>
         </Config>
         <Config index="1">
            <Color>Green</Color>
            <Name>Green1</Name>
            <PortPin>
               <Port>PORTC</Port>
               <Bit>1</Bit>
            </PortPin>
            <Invert>0</Invert>
         </Config>
         <Config index="2">
            <Color>Yellow</Color>
            <Name>Yellow1</Name>
            <PortPin>
               <Port>PORTC</Port>
               <Bit>2</Bit>
            </PortPin>
            <Invert>0</Invert>
         </Config>
         <Config index="3">
            <Color>Blue</Color>
            <Name>Blue1</Name>
            <PortPin>
               <Port>PORTC</Port>
               <Bit>3</Bit>
            </PortPin>
            <Invert>0</Invert>
         </Config>
         <Config index="4">
            <Color>Blue</Color>
            <Name>Blue2</Name>
            <PortPin>
               <Port>PORTC</Port>
               <Bit>4</Bit>
            </PortPin>
            <Invert>0</Invert>
         </Config>
         <Config index="5">
            <Color>Yellow</Color>
            <Name>Yellow2</Name>
            <PortPin>
               <Port>PORTC</Port>
               <Bit>5</Bit>
            </PortPin>
            <Invert>0</Invert>
         </Config>
         <Config index="6">
            <Color>Green</Color>
            <Name>Green2</Name>
            <PortPin>
               <Port>PORTC</Port>
               <Bit>6</Bit>
            </PortPin>
            <Invert>0</Invert>
         </Config>
         <Config index="7">
            <Color>Red</Color>
            <Name>Red2</Name>
            <PortPin>
               <Port>PORTB</Port>
               <Bit>7</Bit>
            </PortPin>
            <Invert>0</Invert>
         </Config>
      </LEDs>
   </Views>
</HAPSIM>
