<?xml version="1.0"?>
<HAPSIM>
   <General>
      <Build>2005</Build>
      <Position>
         <top>119</top>
         <bottom>551</bottom>
         <left>738</left>
         <right>1195</right>
      </Position>
      <StayOnTop>1</StayOnTop>
      <Target>ATmega8515</Target>
   </General>
   <Views>
      <LCD>
         <Name>LCD1</Name>
         <Position>
            <top>0</top>
            <left>0</left>
         </Position>
         <DisplayConfig>
            <columns>16</columns>
            <rows>2</rows>
            <bkColor>0xc1fa9d</bkColor>
            <size>2</size>
         </DisplayConfig>
         <PortMapping>
            <DataPort>
               <Port>PORTB</Port>
               <HighNibble>bit 4..7</HighNibble>
               <LowNibble>N.C.</LowNibble>
            </DataPort>
            <EnablePin>
               <Port>PORTA</Port>
               <Bit>0</Bit>
            </EnablePin>
            <RW_Pin>
               <WriteOnly>0</WriteOnly>
               <Port>PORTA</Port>
               <Bit>2</Bit>
            </RW_Pin>
            <RS_Pin>
               <Port>PORTA</Port>
               <Bit>1</Bit>
            </RS_Pin>
         </PortMapping>
      </LCD>
      <Buttons>
         <Name>Buttons1</Name>
         <Position>
            <top>133</top>
            <left>56</left>
         </Position>
         <Config index="0">
            <Name>Button0</Name>
            <PortPin>
               <Port>PORTD</Port>
               <Bit>2</Bit>
            </PortPin>
            <Invert>0</Invert>
         </Config>
         <Config index="1">
            <Name>Button1</Name>
            <PortPin>
               <Port>PORTD</Port>
               <Bit>3</Bit>
            </PortPin>
            <Invert>0</Invert>
         </Config>
         <Config index="2">
            <Name>Button2</Name>
            <PortPin>
               <Port>PORTD</Port>
               <Bit>4</Bit>
            </PortPin>
            <Invert>0</Invert>
         </Config>
         <Config index="3">
            <Name>Button3</Name>
            <PortPin>
               <Port>PORTD</Port>
               <Bit>5</Bit>
            </PortPin>
            <Invert>0</Invert>
         </Config>
         <TrinaryGroupEnable index="0">0</TrinaryGroupEnable>
         <TrinaryGroupEnable index="1">0</TrinaryGroupEnable>
      </Buttons>
   </Views>
</HAPSIM>
